Year,Month,production_volume,rain_sum,temperature_mean,humidity_mean,wind_speed_mean,Total_Waste_kg,Solid_Waste_Limestone_kg,Solid_Waste_Gypsum_kg,Solid_Waste_Industrial_Salt_kg,Liquid_Waste_Bittern_Liters,Potential_Epsom_Salt_kg,Potential_Potash_kg,Potential_Magnesium_Oil_Liters
2000,1,43163.99,270.87,26.53,100,19.68,92025.8956,6376.1718,24920.7806,61722.8828,29196.4063,1296.2026,298.4176,3308.4554
2000,2,11400.42,195.26,27.1,92.94,11.9,22187.347,1629.1399,7683.5613,14168.9517,8399.1094,364.6158,104.7387,938.2733
2000,3,64167.52,48.73,29.09,80.28,10.56,127118.9099,13751.7251,54265.2532,47150.0398,57145.4484,3070.7641,1139.6578,5973.9289
2000,4,81932.16,66.02,29.36,81.07,11,139766.7218,16091.1463,68073.9369,67965.2735,76828.9513,3431.9626,1492.978,7817.7128
2000,5,39901.32,414.5,29.66,100,18.8,94348.2484,4713.0305,20355.8789,70064.5809,22620.5899,1002.8749,181.1815,2732.4166
2000,6,66698.26,381.92,27.65,100,19.08,158913.2037,8618.8576,32803.0245,124241.8597,33731.8699,1881.3359,342.0723,4397.1393
2000,7,80546.95,0,27.22,81.6,13.59,135461.1579,19753.36,82058.4404,35879.5412,83688.4799,4031.7919,2148.6972,8753.3351
2000,8,92104.22,0,27.19,80.81,9.31,161360.1114,23848.8266,96253.0197,38775.6953,87460.4755,4560.9412,2353.2303,9522.892
2000,9,34491.59,404.61,27.96,100,11.81,81717.3119,3657.9148,16641.3302,61497.7578,22046.1527,874.9807,168.6741,2253.3767
2000,10,33420,439.81,27.56,100,18.69,86999.8169,3527.8294,16020.1251,68724.3216,17332.223,823.4321,146.1492,2044.2756
2000,11,28385.46,388.62,26.93,100,18.68,71805.5216,3250.6676,13571.7018,51476.0658,15277.9878,765.123,149.6016,1721.7135
2000,12,39050.79,289.84,26.57,99.88,18.1,87666.2329,5289.8733,21442.4689,60069.7182,24255.0809,1178.0439,263.318,2782.9256
2001,1,61208.12,300.03,25.89,100,18.6,140023.623,8532.8311,31213.8672,98639.6567,39390.6433,1866.4815,425.5265,4383.8657
2001,2,26683.13,235.07,27.02,96.76,11.93,56868.0784,4005.4486,15706.455,39205.747,18271.6633,965.374,223.0049,2009.4457
2001,3,65223.25,53.82,29.22,81.5,12.13,118395.9395,13187.0815,53056.8311,46589.8322,63997.6755,3100.2921,1171.8951,6546.0548
2001,4,84416,0,29.35,76.99,9.78,149189.7168,22026.7067,94274.8383,37591.4582,82020.2824,4249.2627,2337.5232,9350.8785
2001,5,55611.4,568.95,29.5,100,21.4,152075.5598,5615.954,24755.7523,113173.2657,26860.8402,1247.8424,183.8648,3487.794
2001,6,24212.67,418.06,26.74,100,21.6,58151.6525,2653.0002,11003.4511,45236.2659,12926.3768,638.6121,110.2973,1492.6097
2001,7,107594.59,61.04,26.6,86.62,10.48,204331.0758,21472.3519,90342.9556,84845.1353,101639.9478,4418.2892,1858.3261,10301.2788
2001,8,70726.71,114.96,27.44,86.77,12.77,149552.5731,13418.4928,48312.5421,68463.0984,62639.8319,2769.1587,974.5824,6632.0643
2001,9,24400.44,382.52,26.17,100,11.07,53408.2301,3165.3769,10996.1546,41264.1878,14077.4701,672.5133,112.4721,1701.9363
2001,10,48957.98,338.58,27.46,100,19.14,111521.6834,6038.0225,25375.5652,82384.9058,32280.9169,1306.584,313.3271,3103.8317
2001,11,46822.59,413.39,27.4,100,19.71,109126.8998,5286.0508,23256.7648,85631.015,25337.0458,1280.5186,221.4033,3141.0062
2001,12,44915.8,237.95,26.11,99.72,20.9,94341.4145,6487.459,27751.2411,60074.5529,31612.3514,1432.1641,350.565,3728.4851
2002,1,47496.26,316.22,26.76,100,21.01,104318.4668,6232.2855,24800.8421,75229.2176,30488.3833,1333.6106,321.2324,3233.5767
2002,2,20614.4,332.64,27.58,100,12.35,46580.9778,2492.9343,10750.0551,32162.891,13317.4348,568.7903,116.6404,1436.8402
2002,3,84779.96,3.97,29.01,78.14,11.79,143865.4642,20710.184,89264.7061,35393.5992,81328.4067,4283.9619,2189.7314,9246.0984
2002,4,98782.65,71.7,29.25,81.77,9.98,182643.411,19527.5409,83955.5158,77052.2883,92404.2781,4790.7622,1704.4777,9728.1353
2002,5,57919.16,366.24,29.38,100,20.16,129350.4158,7071.7433,30224.096,105108.4404,36569.3711,1808.318,306.6953,4188.0311
2002,6,51239.54,489.71,27.02,100,19.15,114956.5326,5428.158,21885.7686,101044.9458,26860.3107,1345.2231,203.7891,2949.4355
2002,7,67496.5,54.27,26.84,87.57,13.15,119415.0126,13078.2237,62210.618,49429.1628,65845.8093,2773.6983,1200.2041,6747.3174
2002,8,79956.75,9.38,27.52,79.99,11.23,140195.2533,20189.1092,83587.2556,36768.139,74290.2802,4294.6535,1992.7451,8131.9621
2002,9,57061.41,390.87,27.71,100,14.43,146167.045,6700.683,29230.2736,102929.8367,35144.5198,1426.527,294.1382,3982.9478
2002,10,25643.03,328.97,26.59,100,21.06,62047.6204,3273.4187,14331.9492,38355.3964,14374.4854,736.0591,153.2995,1804.0094
2002,11,21574.35,381.11,26.85,100,20.55,48015.3433,2524.5676,9997.246,37118.8905,13064.6941,555.5899,111.6196,1395.9398
2002,12,26167.31,272.36,25.94,100,18.28,61986.1151,3582.4157,13933.7399,38837.6233,17003.0394,784.3691,187.9572,2040.8715
2003,1,29625.36,250.02,26.21,96.81,17.81,67173.984,4521.7598,16704.0684,42988.4914,20299.7589,1087.6261,236.7889,2252.3185
2003,2,24023.37,200.9,27.37,93.06,9.37,47632.9866,3459.7977,16240.5269,31938.1025,17536.6817,872.5176,223.8146,1872.3847
2003,3,99412.22,56.51,28.94,81.21,10.17,168874.4655,21798.3904,94887.2891,68793.9173,95449.8712,4454.6726,1821.1853,9513.6237
2003,4,67950.2,33.14,29.01,80.07,11.37,120029.087,14620.7513,61882.0723,44048.1859,67941.9282,3163.5728,1474.3914,7223.4679
2003,5,26820.45,411.25,29.07,100,18.91,58407.9964,2871.6451,13044.3353,48686.9009,14622.7578,735.1885,118.6107,1755.4345
2003,6,32861.99,354.29,27.32,100,19.46,79195.9663,3943.49,17313.7231,51631.222,20201.0472,983.9203,158.471,2172.9932
2003,7,86943.32,21.15,27.43,81.46,11.56,151945.4508,21700.6163,85075.3426,49448.1583,83682.2758,4156.2177,1926.7237,9211.9365
2003,8,73789,44.64,28.02,83.48,10.96,140928.7003,15737.0501,59453.776,48124.7437,63259.0228,3372.1609,1462.1225,8073.4423
2003,9,40926.21,374.91,27.59,100,11.78,98981.4772,4580.927,21459.8338,71248.1802,23496.3486,1113.9991,237.1885,2784.4688
2003,10,52094.64,363.46,27,100,18.77,120650.7645,6221.4699,26627.4486,89307.7036,32365.7706,1393.9563,273.6664,3365.3294
2003,11,42967.35,403.33,27.56,100,21.28,108926.1548,5151.0569,22646.5459,73310.6652,22873.6368,1044.9371,221.7115,2896.809
2003,12,35884.73,290.8,25.91,100,20.2,78885.7013,4958.6264,19778.6359,54965.943,21990.4378,1096.5855,257.0517,2810.0871
2004,1,57615.43,253.09,25.96,100,20.1,129202.1284,7405.777,35171.0264,81091.6946,37795.6059,1714.8932,393.9223,4624.0868
2004,2,37583.65,215.99,26.85,95.56,13.86,76818.4933,5163.384,22465.6097,48825.6094,23126.8931,1243.163,322.2899,3119.7219
2004,3,103706.67,84.51,29.21,81.44,15.18,194608.9567,20116.8911,83695.807,91027.3736,91779.9949,4554.2469,1633.4749,9757.5208
2004,4,72175.24,0,29.34,76.67,13.62,108701.5,19319.4567,81222.6292,27367.4426,74017.2956,3815.4755,1810.9624,7479.2704
2004,5,34185.78,468.86,29.63,100,21.07,80272.4963,3685.1452,16225.9956,61452.8106,19117.1731,856.7404,140.4186,2198.2585
2004,6,54678.47,368.15,27.7,100,20.91,130528.7051,6552.8257,27788.0513,86967.9471,33835.867,1504.1896,283.1706,3914.3669
2004,7,70054.34,0,26.76,82.81,9.58,131400.8791,16064.3697,79176.8726,30200.169,70942.5756,3400.6167,1843.343,7571.0512
2004,8,93878.99,36.27,27.35,82.87,11.36,170172.328,19230.7213,80288.7682,62719.344,90351.9009,4388.3914,1933.2732,9700.8553
2004,9,29503.33,348.27,27.37,100,12.03,61678.6633,3858.7516,15382.6315,49344.1484,18677.1594,868.9086,173.8196,1858.8417
2004,10,31958.36,355.58,27.31,100,18.96,74078.698,3794.4517,15644.4984,49562.41,18225.8052,828.9823,166.5952,2313.1672
2004,11,36310.09,510.8,27.47,100,18.77,95679.2261,3773.5855,16022.6928,81928.4795,18316.3061,904.7758,127.3812,2112.8382
2004,12,59956.37,247.58,26.93,98.64,19.2,131236.9722,8895.4258,35661.8779,77538.5969,39388.1806,1895.4021,461.9383,4817.7551
2005,1,38959.42,213.82,26.43,97.34,20.83,84815.6915,6051.641,24111.0852,50908.7303,25380.8861,1347.5667,341.7791,3189.067
2005,2,19789.86,225.94,27.67,94.91,12.43,41429.3645,2896.3941,12434.4514,25915.0782,14061.699,635.6042,164.141,1549.417
2005,3,82265.25,8.01,29.74,75.66,11.17,140869.0314,21683.4113,85548.2946,41116.9108,78506.8063,4408.5088,2209.9232,8756.4824
2005,4,93380.51,6.18,29.79,79.08,10.91,159608.5986,24787.8213,104511.7696,42143.2675,94627.9982,4796.6422,2270.2508,9640.5688
2005,5,35588.59,348.77,29.29,99.95,22.27,77588.0273,4640.6008,18253.2488,58645.5499,22601.9112,975.0128,209.9875,2534.7572
2005,6,55313.58,399.13,28.16,100,19.24,127018.5668,6342.219,26060.2891,103467.8804,33985.2377,1436.1357,260.2081,3735.1353
2005,7,72059.28,60.99,27.37,83.12,13.69,143308.4987,14494.5061,60041.1864,56110.5096,66846.7175,3390.0356,1412.4558,6944.0407
2005,8,68816.04,0,27.05,81.51,14.05,115684.2631,17794.1237,71772.8734,31071.404,79099.6838,3447.7266,1740.7929,7814.5723
2005,9,45604.62,473.36,27.5,100,12.3,119661.4974,5235.1243,21141.1205,92408.4045,25415.9079,1158.1364,187.7652,2738.3117
2005,10,50756.78,442.85,27.02,100,19.45,123770.5076,6113.3682,23672.5911,94617.4451,25593.2857,1328.3453,224.0394,3499.5174
2005,11,44766.61,395.8,27.39,100,19.88,107183.2758,5458.1932,21897.5813,76959.1087,25832.4138,1259.5771,207.5786,2961.7363
2005,12,27389.78,334.4,25.77,100,20.57,66614.9228,3450.7695,13567.8425,48534.2655,15341.7862,689.9856,159.1246,1854.2668
2006,1,23157.54,311.21,26.39,100,18.16,53682.389,3106.6314,12142.0387,39572.0492,13697.5511,619.727,138.1678,1660.4702
2006,2,39824.53,265.96,27.42,96.61,13.54,85408.6219,5793.9128,22865.8604,59112.7557,27384.1161,1259.8745,300.5974,3217.3034
2006,3,81927.68,64.61,29.27,82.93,10.45,164266.6948,16726.9575,64904.2287,64441.2546,73074.3489,3879.3207,1430.0625,7874.4434
2006,4,54433.52,9.27,28.46,77.51,12.54,98833.4384,13651.8347,52645.2853,26346.6631,55281.8501,2663.8408,1459.684,5988.4644
2006,5,45910.81,386.64,29.37,99.64,19.66,104464.8137,5207.2538,22563.7109,86957.0582,27887.5752,1227.887,245.1851,3319.7208
2006,6,61009.72,388.2,27.08,100,20.59,149645.5873,7505.5554,31262.109,103412.9738,37368.2747,1659.6383,334.4159,3892.8468
2006,7,102217.44,40.26,27.07,83.55,10.97,186882.3712,23207.8078,89690.1919,67962.8607,106901.17,5157.7945,2087.2988,10329.6198
2006,8,80919.55,60.06,26.94,85.35,9.01,150331.8695,17397.0573,67054.5495,66688.8729,69129.8756,3292.5863,1454.0027,8344.6985
2006,9,58811.39,363.49,27.68,100,11.19,141911.6911,7429.2319,27220.4649,106483.6882,37380.0224,1520.1673,323.1971,4120.5502
2006,10,52258.77,359.13,27.07,100,21.72,123522.0992,6304.6088,27238.3979,75126.3932,32826.4145,1335.3952,277.087,3370.1237
2006,11,31759.28,440.67,27.14,100,19.95,79082.7952,3616.2575,13773.891,61854.9857,16816.7805,743.1792,133.9398,2131.6744
2006,12,47823.2,260.84,26.18,99.83,23.04,104276.1465,6783.4012,28260.3829,69627.1183,31386.8839,1493.8294,347.0186,3647.352
2007,1,46207.44,279.93,26.56,100,20.13,90331.6596,6535.2494,25825.5084,72153.171,25728.2464,1554.2501,315.1271,3651.4694
2007,2,22911.43,306.66,26.93,100,14.22,50297.299,3025.6947,12734.5902,36466.5452,14584.3738,670.9748,162.4896,1659.8871
2007,3,81988.02,80.9,29.69,82.87,12.37,144354.9994,17339.5947,63281.1358,71004.2487,71093.2695,3658.2707,1386.8194,7989.7172
2007,4,84898.43,107.73,29.46,83.43,12.84,171740.0581,14579.2195,66840.0974,84528.4012,71878.4909,3870.8342,1218.6081,7835.2492
2007,5,46542.03,386.1,28.92,100,22.33,104866.3259,5284.775,20624.8622,78247.3557,25486.2983,1395.2641,252.2508,3030.5639
2007,6,78510.07,432.14,27.19,100,23.35,176693.2807,8235.9721,38558.8543,161822.8642,46013.6955,2100.1156,356.6555,5160.2134
2007,7,89340.18,44.23,27.34,83.76,10.34,158371.295,17855.011,79457.8174,58240.3741,79365.0119,4150.2427,1873.8164,9390.1589
2007,8,58638.45,0,27.63,79.25,11.11,104137.0703,14241.6595,61763.3066,23280.0253,58371.1067,3077.7208,1413.8155,6435.0698
2007,9,36358.5,411.68,27.38,100,11.62,84914.3513,4262.1484,17819.5317,65352.2426,20456.3998,885.8227,164.4171,2183.0748
2007,10,71882.42,326.08,27.06,100,21.32,159217.7359,9744.5147,36183.986,116587.7238,42549.7599,2312.3542,403.5129,5185.6128
2007,11,57176.24,405.07,27.24,100,20.08,134823.2028,7027.4984,30448.6981,98864.0401,30082.3472,1503.6353,306.6837,3564.5952
2007,12,58220.78,357.4,26.11,100,22.38,131023.9988,7098.0148,28158.9194,92441.33,33214.3565,1522.9575,311.2008,3795.8268
2008,1,39698.61,203.31,26.42,96.95,17.12,82844.8436,6393.5417,22959.2591,55116.3864,29223.1479,1296.9346,357.8872,3338.7206
2008,2,37619.07,303.13,26.98,100,9.38,82713.1454,4713.0926,19395.1673,61694.9258,25187.2516,1095.043,227.9453,2703.2076
2008,3,95326.1,37.58,30.11,78.3,11.72,168928.7524,21261.9393,88123.7988,63842.0514,97650.7789,4542.1848,1905.5888,8814.9251
2008,4,86032.84,0,28.55,78.98,15.06,149014.7008,22810.5185,91050.4847,36307.3835,93180.8944,4508.3065,2321.049,9458.4307
2008,5,40017.71,432.63,29.24,100,20.8,92828.3547,4578.7459,19055.9831,77551.4892,22894.6903,1048.0004,190.221,2750.6169
2008,6,56175.01,385.85,26.84,100,19.57,127599.7652,6651.4005,27428.3075,100129.1382,32176.4256,1543.2671,280.5427,3346.5956
2008,7,66957.16,23.96,26.88,84.12,13.66,125262.5374,15490.6391,68564.4694,38888.4899,63999.3726,3132.5306,1452.8551,6833.9696
2008,8,81583.62,38.48,27.3,84.03,13.17,152841.1181,16798.2278,64769.54,56017.0292,72199.5761,3797.0793,1557.8771,7546.0177
2008,9,43753.77,421.53,27.1,100,10.64,107120.4183,4677.1897,20816.0191,79323.8842,24940.3286,1091.4163,188.6184,2954.1682
2008,10,46733.69,384.05,26.98,100,18.73,108440.2025,6074.8306,21261.0007,74431.4177,28937.6979,1239.7559,226.572,3260.993
2008,11,40841.13,472.37,27.54,100,23.15,98403.4726,4674.5295,18763.7433,83590.5827,23215.5361,1022.7742,157.2357,2533.392
2008,12,27685.08,373.4,26.35,100,20.29,59920.7461,3189.1263,14404.4888,45753.6316,15222.1627,772.111,149.9743,1913.6478
2009,1,49745.17,241.39,25.81,100,19.55,103485.8167,7579.3084,29456.5965,70606.9111,37481.3824,1527.097,403.4827,3900.4249
2009,2,40157.36,350.29,27.48,100,13,90236.315,4774.744,19362.6119,59961.6585,26687.509,1034.9129,221.7616,2744.4298
2009,3,83389.15,69.7,29.6,80.29,11.2,156369.5518,16598.3967,75973.7132,68707.758,79366.367,3961.1387,1557.7982,8122.0712
2009,4,62245.38,49.87,29.07,80.12,12.29,119960.9818,13317.1872,56233.0143,48055.0137,59612.7736,3354.0707,1251.4783,5643.6065
2009,5,58752.1,403.52,29.75,100,19.82,131518.1675,6826.5913,27676.2772,101262.6718,35059.5248,1723.7044,298.6566,3682.3956
2009,6,54682.94,442.38,27.09,100,20.04,127904.7786,6393.8866,25137.3738,103778.1645,28305.2297,1354.6742,242.8667,3342.7544
2009,7,102098.82,11.78,27.38,82.71,9.38,162580.2225,23017.0598,108485.5731,49898.2816,115185.2782,4864.6736,2479.636,11698.7294
2009,8,105777.72,129.06,27.72,89.73,12.3,212704.8492,17972.9257,72833.3081,110295.9815,85628.0041,4037.901,1387.508,9941.4676
2009,9,37782.53,455.76,26.9,100,10.4,84104.063,4211.4928,17132.3744,76689.9506,20776.5146,854.4004,170.3593,2457.6541
2009,10,56495.12,374.56,26.97,100,21.6,143751.6596,7358.4826,27182.6921,91265.3208,33167.4689,1413.7945,295.8359,3759.6252
2009,11,42680.77,309.36,27.48,100,18.32,81263.193,5548.7143,24794.92,72086.2507,26403.3314,1215.834,276.8463,2952.283
2009,12,40594.93,313.96,26.73,100,19.72,86444.0983,5038.8993,21146.3756,64939.6812,26526.8856,1136.8826,268.8801,2877.7826
2010,1,36335.71,241.85,25.46,100,21.09,75442.1564,5206.2239,21388.7381,46535.0291,23951.7811,1201.7727,261.9046,2870.8253
2010,2,18737.67,299.68,27.29,98.65,13.13,39833.1503,2369.0985,10204.0043,30433.0714,11375.3388,548.7551,124.732,1417.5534
2010,3,81663.03,13.34,29.01,78.57,9.88,122458.9421,20151.4742,85755.5356,36718.2704,78553.6939,4283.4865,2207.0022,8636.5169
2010,4,69742.51,22.11,29.78,76.77,10.28,120712.499,15510.736,68681.1115,42328.9228,71112.0954,3509.5533,1611.7598,6669.5611
2010,5,60462.44,381.65,29.24,100,20.45,136578.4843,7101.3457,31992.0339,104993.445,33172.8002,1751.3727,307.0666,4495.479
2010,6,63058.07,364.04,27.75,100,21.26,149329.9189,7383.2194,30666.3375,111880.3676,36866.1323,1727.2919,323.458,4403.1024
2010,7,106521.49,0,27.31,82.63,11.32,188114.6786,25770.1747,113763.4437,44935.3473,114353.4845,5714.1728,3134.1926,11922.23
2010,8,83631.52,40.09,27.18,84.27,11.01,151007.2573,19728.954,71844.8629,58752.1309,84321.4741,3852.6845,1498.4317,8218.03
2010,9,53711.63,384.27,26.95,100,12.66,129167.4518,6353.1997,25740.6712,91255.5578,29534.8104,1512.2313,264.7669,3777.4241
2010,10,68873.95,432.93,27.15,100,19.98,159124.4149,7994.7219,30250.0877,134163.0189,36830.383,1780.3392,307.2864,4280.0948
2010,11,56555.69,362.72,27.6,100,20.2,143265.3344,6578.0827,27454.8115,97709.3142,33931.7274,1601.2086,312.4905,3990.1595
2010,12,51243.1,296.98,26.22,100,22.78,111868.507,6447.7447,28961.8914,77922.6417,29005.5182,1605.7643,321.7293,3725.2188
2011,1,40992.81,286.53,26.55,100,20.76,88303.2829,5698.4673,23009.3961,58762.9468,27900.1262,1208.1603,286.455,3099.1555
2011,2,60844.47,266.81,27.18,98.56,11,136284.0181,7697.8527,32425.5704,83717.3679,42464.856,1989.83,439.4747,4593.6511
2011,3,80260.83,86.2,28.98,83.54,12.86,154065.9621,15643.0367,67677.5265,60843.5507,73595.8908,3416.071,1165.7359,7794.4957
2011,4,97442.28,24.28,29.63,79.79,13.35,187293.3742,23432.702,94918.3589,51462.5298,96035.9985,4724.309,2491.951,10109.4833
2011,5,50446.94,411.63,29.32,100,19.11,122022.3928,5659.4174,22907.3616,87676.2784,28810.3685,1315.0772,235.6614,3085.937
2011,6,47727.78,313.65,27.57,100,17.9,104813.3484,5948.2571,25762.8591,79941.7351,27262.6364,1400.9761,296.4654,3575.6948
2011,7,82147.46,0,27.19,80.35,13,141967.9442,22992.558,85565.5047,33754.8677,77592.9389,3856.661,1966.2902,8946.996
2011,8,86042.51,0,27.61,79.86,11.65,160693.9063,22946.8739,88930.7658,34972.3863,78789.222,4281.5462,2229.505,8806.8172
2011,9,34887.37,389.02,27.22,100,11.68,83785.7612,3929.7226,18193.2788,60523.8386,20075.7465,934.1444,175.3004,2416.4592
2011,10,52607.38,356.17,27.43,100,20.17,120692.1672,6419.4974,26407.7198,79563.5898,30605.6723,1479.1505,290.7136,3432.9877
2011,11,65505.05,344.08,27.64,100,19.08,162581.5443,7697.4836,35153.1872,112911.5655,38491.5805,1983.2174,369.0608,4646.2198
2011,12,40048.35,271.06,26.58,100,17.47,92051.8956,5025.8032,23422.0667,61967.201,24941.0081,1194.0413,267.8701,3001.0988
2012,1,32557.46,314.61,26.76,100,19.2,71791.4922,3857.6104,16454.3198,53662.8244,21977.8313,888.7529,194.4251,2335.4574
2012,2,40309.83,238.88,27.45,95.69,11.42,87386.2853,5777.7042,23152.9808,55312.7681,27822.4899,1263.5356,320.4179,3405.6334
2012,3,86730.43,16.75,29.54,77.25,13.14,155816.2992,20544.9118,88307.5641,42349.2085,82786.5548,4236.2447,2112.2301,9878.4328
2012,4,108745.94,61.23,29.48,78.6,10.65,191682.0328,21756.5512,93049.0183,81285.2434,91204.6556,5292.1618,1899.2085,10683.757
2012,5,76159.38,341.54,28.42,100,21.62,190572.4409,8956.679,40459.5238,121656.0495,46549.6499,2495.2887,410.5417,5449.9967
2012,6,54987.27,437.1,27.34,100,19.45,135264.1661,6149.8486,26410.6204,99718.8421,30591.7293,1398.1387,253.5696,3444.0706
2012,7,55969.09,90.96,26.99,86.82,10.57,111924.4368,9566.5416,50548.3535,52980.9833,48835.8187,2322.2484,855.2062,5372.2748
2012,8,87841.45,57.3,27.33,84.46,11.22,158209.035,19472.3777,77666.9643,56219.84,83290.9038,3989.0936,1594.8797,8479.6933
2012,9,51433.06,430.51,27.03,100,10.03,115656.0866,5703.4511,25066.0854,98801.7157,28921.4593,1304.1454,233.1095,3138.7677
2012,10,54515.82,423.5,27.56,100,21.05,133496.3888,6617.4718,25734.5267,94769.4813,30024.6669,1368.9855,239.3631,3456.0652
2012,11,38379.06,370.68,26.64,100,20.02,85315.3429,4813.4957,19833.3947,60091.9211,21546.8599,1007.0712,189.4976,2682.9748
2012,12,34062.71,264.85,25.6,100,18.22,73227.459,4769.7162,20218.7067,46142.3718,19019.1489,1048.3309,263.903,2735.7205
2013,1,39380.63,254.03,26.58,97.84,20.71,86021.4326,5813.3508,25526.884,57046.3288,25850.9902,1258.2902,269.6444,2916.8795
2013,2,31223.01,252.48,27.35,96.37,13.07,66554.242,4383.2158,17658.8953,44558.1524,22110.3044,939.3877,231.1884,2366.9038
2013,3,61599.05,0,29.13,78.37,11.82,107924.2789,16311.3912,64720.0456,26585.3338,63812.0427,3297.7273,1608.2907,5867.8479
2013,4,77567.75,98.63,29.62,83.89,13.24,147680.54,14644.1839,58810.1947,70707.9902,69867.7931,3564.85,1168.604,7085.6628
2013,5,48830.06,414,28.8,100,19.22,109898.6613,5532.3034,23394.7888,85807.2595,29741.0076,1312.7601,236.1523,3287.8456
2013,6,33813.36,434.87,27.27,100,18.46,75576.1421,4013.1978,16069.0342,59503.7922,17690.821,906.9052,139.4855,2301.6226
2013,7,67467.42,61.25,27.19,85.93,10.65,122091.4759,14022.9868,54336.9023,53818.0138,59844.7948,2942.9174,1136.6469,5781.726
2013,8,76819.81,145.8,27.57,89.92,11.06,150864.2769,13312.5114,50025.3647,89284.8188,63187.1088,3002.401,919.9572,6714.6911
2013,9,45485.6,413.56,27.18,100,11.59,117072.2176,4962.4518,20035.5883,82417.7148,25502.1246,1153.6516,213.4813,2892.6545
2013,10,68459.41,309.07,27.01,100,17.63,150687.7702,9657.4475,36421.7216,107955.115,40438.5503,1934.3845,422.6253,4884.3094
2013,11,65715.09,411.93,26.91,100,20.74,165663.0291,8259.9185,29620.9293,113089.9264,34410.1154,1702.232,311.7131,4431.1407
2013,12,35616.3,262.21,26.35,98.98,23.05,70176.1704,4981.2495,22033.6933,51382.8635,23454.2495,1108.9068,256.5836,2897.1293
2014,1,7465.13,350.53,25.8,100,19.39,17533.1195,852.4699,3821.9873,13621.7553,4122.1162,208.1872,39.0949,519.5496
2014,2,36869.69,246.89,27.47,98.77,11.16,81096.9786,4882.7836,20373.9208,52882.6088,27168.5885,1163.4167,284.0503,2892.899
2014,3,62857.25,59.64,29.61,79.77,10.75,116747.9957,12750.2668,54362.8671,52639.5507,58021.9524,2891.3098,1135.0706,6391.0136
2014,4,76949.02,0,29.76,77.74,10.57,121265.2732,20487.6456,78936.1453,33793.5413,72671.1133,4261.4409,1965.3464,8679.0867
2014,5,49011.22,339.9,29.16,100,20.17,115004.7547,6759.9812,23627.0828,86421.1033,30549.1462,1357.9601,271.4692,3461.8681
2014,6,60970.4,379.28,27.83,100,20,133558.161,7469.1978,31511.7322,102762.3235,31009.5707,1683.3021,321.5641,4182.8388
2014,7,95625.08,0,27.54,81.92,8.85,167878.2768,23798.1002,99726.4178,41396.5695,95665.2226,4651.8513,2505.4314,9824.984
2014,8,65026.44,63.2,26.9,86.7,12.11,108509.1382,12965.2056,57965.1406,48153.3623,57460.3391,2924.9909,1178.9453,6293.6661
2014,9,28742.18,453.13,27.91,100,11.56,67725.3975,3090.6883,13620.4451,55210.7688,16603.9481,720.2565,112.4163,1878.2581
2014,10,35668.73,367.06,27.39,100,24.54,85088.5723,4307.2211,18279.5437,63114.7028,20722.7032,1095.0899,191.4255,2482.2181
2014,11,57599.94,405.44,27.59,100,19.21,129420.861,6899.899,28784.6383,104843.3064,35363.5886,1519.6205,284.2673,3547.7883
2014,12,31515.38,310.6,26.6,100,19.91,64690.0041,4024.4159,17393.8527,50669.2321,20244.9929,925.2584,195.9503,2196.3258
2015,1,45827.84,297.52,26.47,100,16.89,106336.4766,5912.0446,23523.862,72597.9041,28582.3868,1414.8845,305.5822,3467.2791
2015,2,18614.12,335.21,27.39,100,11.65,38404.121,2397.8946,9128.8275,28132.5239,10541.2205,541.7078,105.2111,1412.7374
2015,3,72275.72,0,28.91,79.22,11.21,121907.324,18517.5385,78271.0752,32328.1988,80540.9384,3714.6997,1807.8926,7693.9717
2015,4,82768.03,0,28.97,78.09,11.37,143797.8849,20235.67,86465.8191,33435.6148,89884.174,4589.2244,2014.778,8537.3623
2015,5,29098.94,354.38,29.27,98.43,18.68,63666.838,3631.4142,15042.5254,46698.6694,17913.4079,809.99,163.3677,2197.742
2015,6,66490.3,323.43,27.59,100,18.35,155472.3362,9164.1762,32960.812,101067.7483,43527.2308,1947.9354,414.9901,4844.3779
2015,7,84486.89,0,27.67,81.64,11.1,145723.686,19910.1772,90822.5246,36962.45,86472.9592,4553.7925,2177.8907,9438.2405
2015,8,65898.43,29.71,27.24,83.34,10.9,116147.8325,15715.9684,60374.8159,36879.7874,69158.9989,3345.5909,1318.0223,7017.6935
2015,9,29988.15,397.91,27.4,100,10.3,68466.0419,3378.8485,13900.9491,52691.6699,16487.6728,790.2212,156.5782,1909.4254
2015,10,51978.44,409.17,27.47,100,21.1,126857.1115,5695.0675,25964.1162,97038.9961,28173.8226,1378.8455,253.5507,3333.2937
2015,11,62964.89,498,27.03,100,20.46,164617.5113,6726.5746,29791.1669,115987.1074,33301.0213,1462.1605,254.4451,4070.1325
2015,12,26512.84,251.27,26.6,98.29,19.95,56442.7259,3373.4497,15154.8302,36181.869,17485.6455,907.4482,188.5392,2129.5595
2016,1,32940.61,264.12,26.58,100,20.85,74135.9986,4476.7641,17930.1798,45078.1371,20991.5429,1179.0716,253.725,2347.8478
2016,2,19187.42,300.42,27.49,100,11.07,42118.9818,2567.2838,10399.547,26229.9988,12143.1462,527.5243,126.2815,1623.5565
2016,3,84180.93,15.89,29.62,77.97,12.05,152909.4124,22173.6405,79382.6707,45205.6475,81403.7542,4465.3656,1955.7759,8690.6672
2016,4,75448.28,77.33,29.62,79.99,11.52,135454.4185,13956.7387,61651.8618,62239.8269,76655.9085,3508.7234,1190.0093,6974.9027
2016,5,62284.87,484.88,28.75,100,22.74,159396.3615,6508.5718,28991.2493,105322.9856,32811.8446,1578.2483,258.0896,3581.4678
2016,6,49952.46,341.26,27.39,100,19.42,107933.9982,6466.5577,26750.3085,80719.5173,30456.7615,1314.729,281.8947,3487.0685
2016,7,113879.43,0,27.81,81.15,11.85,214236.5414,29588.8579,121783.08,48285.4181,124242.1801,6176.1224,2899.1588,11545.3236
2016,8,76662.27,0,27.28,82.49,10.77,132095.4981,19645.6959,83541.7141,28980.2753,76031.5961,3914.5292,2115.7777,8125.7942
2016,9,11884.48,414.89,27.08,100,10.53,28147.5811,1338.741,5015.1729,22351.9463,7052.7581,306.2788,51.6924,754.7833
2016,10,48737.15,413.89,27.53,100,20.14,119192.1317,6079.0125,24058.2317,91078.6132,27453.8739,1369.1185,231.8339,3008.6541
2016,11,67319.43,418.61,27.15,100,20.45,165085.6858,7869.1195,32334.7315,132063.3072,39435.1941,1770.1361,322.2188,4082.207
2016,12,41861.98,363.67,26.22,100,19.07,91215.0576,4920.1933,20350.3452,65652.6271,24549.7619,1193.4761,209.7483,3035.3161
2017,1,43349.54,326.57,26.07,100,18.43,101623.6962,5577.0474,22973.207,65328.7833,25317.0199,1266.914,241.7772,3118.449
2017,2,18598.54,317.87,26.87,100,12.35,40103.554,2466.4014,9893.0646,28596.7993,10998.638,471.3738,115.4878,1227.7969
2017,3,80594.18,18.27,29.54,77.4,10.96,147570.3929,19410.0424,81089.588,44462.3098,75042.2713,4284.4659,1988.7032,8000.5707
2017,4,76120.58,28.96,29.25,79.39,13.52,142998.9613,16247.1678,74763.2625,48806.1954,76461.8098,4024.263,1864.194,8255.2574
2017,5,52108.98,435.16,29.35,100,19.51,136711.2511,5697.1076,26694.0505,98465.697,27038.8525,1381.0623,211.9604,3447.9551
2017,6,60490.4,357.13,27.34,100,19.28,131713.0504,8003.372,33496.0812,101140.9869,37938.6153,1795.5917,317.9023,4052.1431
2017,7,95560.39,111.12,27.5,86.84,14.33,177283.3879,17101.7409,72532.7483,100672.0062,83561.1021,4014.0745,1344.1043,8707.602
2017,8,86693.79,0,27.2,81.52,9.76,152560.4773,21931.398,98532.3135,39834.4568,86537.5102,4345.5928,2245.6769,9158.8348
2017,9,39187.75,349.22,26.91,100,12.35,85924.5266,5087.795,19224.3151,65624.1635,24477.9378,1059.2479,222.2749,2634.2277
2017,10,46233.69,375.55,27.04,100,17.77,104956.5656,5505.192,22502.6971,78262.9676,26858.0693,1276.6244,248.2687,2997.5894
2017,11,32964.99,335.7,27.13,100,18.9,69791.7767,4064.5794,17146.2847,55067.5362,19581.6694,917.632,182.351,2312.8129
2017,12,25435.09,304.77,25.68,100,20.45,56668.569,3780.5705,13653.0012,37424.097,15834.2234,679.1279,157.8169,1753.4582
2018,1,48682.11,251.27,26.26,98.69,22.54,101770.0213,7480.987,28887.5646,70479.4827,33412.9866,1594.2271,331.7834,3699.1331
2018,2,47756.46,275.13,26.81,99.8,13.92,109857.3164,6479.5238,27728.4811,69150.4392,28691.1018,1361.3998,360.9907,3554.244
2018,3,76129.76,16.54,29.96,78.64,14.66,133341.4872,18391.2819,70319.2545,43166.1599,72830.9312,4014.5653,1754.9699,7831.2809
2018,4,68302.48,1.86,29.11,76.9,12.65,112160.6049,17412.8795,76091.0997,29008.7944,68303.0742,3594.5056,1919.4476,7400.1668
2018,5,41821.73,408.41,28.92,100,20.61,98354.9961,4682.8469,19416.799,76684.2313,25391.5009,1085.6982,207.4028,2463.9095
2018,6,41117.88,383.87,26.98,100,19.05,97635.6106,4878.2456,17839.4656,63666.2845,23000.9278,1129.4215,178.0034,2659.7193
2018,7,72401.63,96.99,27.17,88.03,11.64,121721.5556,14165.8898,56352.1514,68539.4137,74117.2168,2671.7177,1152.6601,6656.9273
2018,8,83124.52,28.66,27.15,82.54,11.92,136130.3708,19827.8289,76461.0735,47276.7846,78501.4276,4238.6414,1738.4579,8687.3345
2018,9,26983.37,421.47,27.54,100,11.18,67012.5653,3130.2183,13604.0761,47193.9648,15572.6262,667.1777,122.8481,1734.4587
2018,10,52147.62,379.82,27.38,100,21.45,127093.3544,6128.2404,24539.4693,94139.3878,31669.7079,1532.9094,258.569,3449.1352
2018,11,27214.81,366.65,27.65,100,20.95,62424.2618,3371.835,12842.1991,46278.8342,13706.7925,749.6628,133.3904,1965.2464
2018,12,46863.51,299.69,26.83,100,22.56,108140.6565,6103.137,26585.2779,68009.5024,28607.195,1368.1835,294.9164,3250.0171
2019,1,52737.49,265.12,26.42,99.34,17.37,114785.4925,6582.404,29425.2908,71220.8166,38425.9793,1694.6391,382.0187,4261.3019
2019,2,25462.94,303.35,27.37,100,13.29,58416.854,3388.0175,12544.2296,37449.0363,16124.0322,738.7521,154.9319,2090.6852
2019,3,99323.52,59.52,29.33,80.6,10.05,182616.7537,20881.598,80692.606,76519.3436,91882.1476,4165.7152,1766.4744,9549.2348
2019,4,104217.15,57.35,28.84,82.24,9.19,200579.4056,21277.8194,90087.9059,83144.9625,90835.476,4433.5347,1887.4312,10837.4071
2019,5,28798.22,250.39,29.14,94.22,21.76,60099.7099,3969.9879,17858.8873,36792.1,19595.0575,982.9792,234.3392,2183.2159
2019,6,49277.03,266.78,27.07,99.32,18.59,106415.2647,6934.6716,27219.7613,72235.6181,31218.8199,1513.7528,368.0317,3790.0865
2019,7,71607.1,41.51,27.55,80.89,13.12,126339.4002,16097.6739,68527.6371,44782.8553,65398.8469,3366.6083,1376.2558,7769.7965
2019,8,68045.34,4.36,27.37,79.8,10.86,119875.6944,16800.654,69632.9922,30138.6662,63826.696,3517.5716,1872.6623,7250.6234
2019,9,39586.3,418.37,26.86,100,11.73,102547.2908,4415.2147,20371.2795,74327.6791,22560.4092,999.2968,177.9126,2676.1811
2019,10,50673.04,291.62,26.91,100,20.47,110773.1555,7158.649,24821.8553,77386.5732,29652.353,1586.1592,335.2103,3829.6783
2019,11,37437.18,446.32,27.66,100,19.83,94129.5729,4075.8668,18092.5933,75666.8777,21393.5816,913.9932,163.3359,2184.2637
2019,12,44161.4,298.93,25.65,100,19.61,95614.5523,5475.4373,23919.3394,68636.2621,27547.2826,1249.1051,294.9145,3463.7942
2020,1,30244.02,248.28,26.47,98.39,19.81,66513.6072,3867.491,18498.0334,42666.1586,20084.1928,962.5894,230.9748,2138.9968
2020,2,56320.52,279.42,27.46,99.94,9.95,125409.4123,7517.2121,32548.4966,74765.0172,36835.1389,1602.3453,402.183,4356.0493
2020,3,70011.08,0,29.26,76.09,12.66,119284.8022,15191.3389,72739.2429,28086.5177,67039.9212,3529.7418,1897.3522,8021.2972
2020,4,83465.3,1.93,29.46,76.32,10.43,136835.4658,19176.3901,86106.6724,36668.5022,86433.0005,4332.688,2121.9714,9232.2
2020,5,31463.39,422.33,28.95,100,17.88,73955.3637,3806.098,15478.9261,59933.3593,18193.0864,775.5994,144.5211,1959.4329
2020,6,66360,328.32,27.61,100,22.68,146526.7285,8745.0334,38612.6618,103199.4405,37947.7728,1762.1222,411.2657,4281.7218
2020,7,74430.4,51.67,27.37,84.74,11.76,143330.5635,15123.1437,62821.3505,51735.7439,71924.5191,3538.9454,1429.5479,7853.5179
2020,8,63811.04,110.28,27.83,87.97,14.03,111547.1531,11326.8445,46085.1671,64386.9722,50936.901,2717.2469,946.6315,6062.6563
2020,9,40357.15,338.28,27.01,100,12.57,91329.0273,4971.1552,18618.7445,62194.6598,26902.0048,1038.1744,233.9532,2966.0959
2020,10,32283.3,394.16,27.63,100,24.19,69826.1581,4028.7633,15571.6729,58834.821,18935.8884,850.2816,161.0129,1932.6908
2020,11,56773.87,399.56,27.52,100,20.55,135432.7543,6398.1898,26469.4133,106248.7758,34675.0833,1498.1712,275.8674,3552.1659
2020,12,52074.19,309.16,26.98,100,19.47,116977.1846,7001.0876,27366.2753,77648.6202,34261.2263,1585.5896,312.3542,4029.4851
2021,1,52040.47,283.86,26.33,100,18.76,113470.2743,6248.1591,29622.8375,71835.7675,36164.9853,1537.8335,347.5656,3746.7872
2021,2,32820.99,345.05,26.43,100,11.93,70181.0214,3877.6852,18020.1026,51412.8923,18561.3628,937.5121,185.853,2158.9556
2021,3,82192.65,0,29.68,77.48,12.21,145414.3832,22674.6772,87258.0291,32680.119,87972.8863,4852.1744,2118.2919,8764.3978
2021,4,84826.28,28.26,28.96,80.83,14.81,152449.2487,18558.4166,74567.0852,51358.781,88074.7113,4340.4346,1886.0447,8539.5153
2021,5,34428.46,425.13,29.62,100,22.33,85655.8131,4237.9758,15462.8575,58445.936,19322.024,942.8431,175.9605,2317.7429
2021,6,45624.58,336.45,27.73,100,22.38,101996.5252,6208.5089,24434.7739,73576.6403,27289.6899,1301.4105,272.5539,3234.4187
2021,7,71511.15,22.94,27.33,80.03,12.1,119949.821,15795.6582,62822.8233,37099.2186,65225.4143,3399.0289,1754.5535,7154.414
2021,8,81680.28,49.91,27.35,84.09,9.7,158308.5043,19103.9189,65695.0887,55362.3286,74948.7758,3525.5597,1588.5796,7840.4411
2021,9,65152.63,442.09,27.37,100,13.05,154197.7214,7079.6228,30341.1553,126283.7661,35644.4136,1476.2271,269.6006,4055.7467
2021,10,47825.84,479.35,26.82,100,22.18,132747.4565,5141.266,21896.6052,95227.4913,25104.5244,1167.9922,189.6913,2497.0813
2021,11,57812.74,391.37,27.22,100,19.04,133317.3183,7555.5228,26926.4991,98312.1514,32905.3876,1607.8177,288.215,3565.76
2021,12,29603.38,248.51,26.27,99.7,20.62,57192.9116,4406.7086,17163.0958,44515.5854,20470.7897,992.3017,230.7794,2454.8028
2022,1,43500.56,272.79,27.09,100,20.85,88083.1442,5556.0939,24605.9347,64362.6371,27851.0793,1357.9806,333.4914,3419.2298
2022,2,21578.91,272.14,27.02,98.81,10.84,45529.6795,2763.5745,11955.9283,30774.7796,12167.6393,709.1977,161.7601,1600.2383
2022,3,79585.58,0,29.89,78.02,11.67,145459.2544,20341.7274,78949.6186,32916.2897,84027.9645,4143.9023,2144.8654,8642.7968
2022,4,78271.57,33.32,28.93,79.12,9.57,146767.9098,15778.4908,77541.5479,52373.8044,75113.0267,3317.169,1655.2806,7948.7108
2022,5,35503.48,360.8,29.83,100,18.67,75671.7515,4283.2878,18064.359,61106.8032,21039.7997,1030.2433,219.5644,2587.4917
2022,6,48189.3,376.63,27.18,100,19.1,112518.3021,5829.225,23168.1448,77011.5754,28538.2585,1303.6013,253.969,3143.5739
2022,7,95427.89,0,27.9,77.84,12.07,168977.4362,23366.6746,102286.8351,43152.4787,87311.2394,5127.7276,2198.7014,9711.7513
2022,8,100809.86,3.1,26.89,81.83,14.44,158425.1992,24136.6626,111603.074,49280.5788,101554.3317,4829.9343,2818.4369,11674.0011
2022,9,45565.81,346.64,27.28,100,11.92,111528.5056,5928.0008,21979.7097,80241.9852,27954.2557,1282.0378,275.1388,2989.2656
2022,10,48350.93,360.03,26.75,100,23.67,101023.7357,5928.1938,24940.747,81654.9888,28440.1665,1271.1363,261.9498,3164.766
2022,11,19960.07,442.28,27.63,100,20.35,51253.0758,2286.1716,9700.5991,36546.6135,11582.9798,517.1409,87.2385,1170.6596
2022,12,40399.39,237.81,26.08,97.97,18.47,93952.0515,6188.6722,25712.9801,52262.7933,27772.1827,1216.0009,307.6877,3009.5684
2023,1,52954.97,258.57,26.67,99.75,23.37,104852.4736,7839.6035,31712.9468,72167.3269,37274.4022,1715.2779,387.6449,3908.6691
2023,2,27139.51,375.13,27.3,100,10.29,60712.0195,3457.0491,12514.6405,45510.686,15889.6136,712.7945,139.1845,1860.3047
2023,3,88469.34,65.84,28.96,81.67,13.18,170059.7992,16808.119,76365.1447,62792.4998,81461.6874,4465.6145,1502.2532,8242.4989
2023,4,89407.41,0,29.08,78.16,10.52,153293.3618,23557.6524,96549.8297,38359.2356,91477.3772,4784.6004,2387.4516,9906.8853
2023,5,42273.57,376.65,28.96,100,18.84,93323.6167,5165.4495,21431.3152,75362.1833,24525.3274,1189.4226,230.3989,2946.6538
2023,6,37941.04,392.47,27.43,100,16.98,90113.0445,5002.7324,18123.2884,64017.2256,22179.1655,1019.5821,198.4884,2346.3868
2023,7,88977.09,58.96,27.25,85.35,12.93,169102.856,17516.0585,79099.1041,67256.3192,81678.989,4014.3341,1587.6,9284.9939
2023,8,78234.15,0,27.16,81.51,13.23,139122.6725,19147.8958,91875.9519,33771.8583,85020.7246,3984.8951,2086.8334,8807.1381
2023,9,52673.06,435.74,27.6,100,10.61,129924.2629,6281.2615,24354.9163,102343.5234,30974.2642,1233.1638,222.1351,3297.5365
2023,10,52877.42,360.36,27.77,100,20.07,113195.2758,6063.3734,27055.5323,79313.1878,33180.0455,1465.2046,334.7435,4050.9162
2023,11,46431.62,380.29,27.65,100,17.64,98846.9616,5407.2673,23582.6036,82034.6425,28519.8249,1176.927,210.6201,3246.8171
2023,12,25701.75,181.27,26.35,95.6,19.84,50550.834,4021.229,16128.513,29142.4146,18434.613,940.1017,257.4953,2174.6051
2024,1,23501.33,268.81,25.54,100,22.09,46791.2106,3133.4796,13195.547,36453.3913,15022.3718,700.1191,148.395,1776.3171
2024,2,63531.76,290.67,27.29,100,11.42,133628.4161,8817.5407,35042.6055,96254.993,39091.7509,1966.6403,440.6185,4595.3758
2024,3,92541.53,7.12,29.03,77.17,8.86,165405.6286,20777.9559,89329.3402,39028.9727,94510.819,4742.6157,2326.647,9319.6735
2024,4,63887.58,52.96,29.11,81.21,10.15,117327.6971,14407.4239,57978.6104,45464.0476,60916.4478,2946.7676,1228.3561,6247.9984
2024,5,46657.18,395.46,28.95,100,18,101640.5614,5186.0813,23144.3148,78336.7746,27776.5937,1256.7109,211.4936,3216.3205
2024,6,59509.38,337.99,27.45,100,20.16,126489.322,6817.1771,30100.7502,96250.4824,35653.8179,1601.1149,337.8178,4239.6991
2024,7,78745.86,39.53,27.07,85.4,9.73,144322.2244,18496.4535,73018.1876,51591.8242,72519.3982,3791.5562,1468.147,7633.1169
2024,8,74097.76,89.81,27.43,85.49,10.99,134402.6551,13706.413,61074.0185,61684.498,69516.8995,3260.6507,1193.3635,6771.9926
2024,9,34641.12,317.06,27.12,100,13.32,73102.7142,4386.364,18112.8935,50852.4649,22288.1281,945.7937,210.8084,2433.2688
2024,10,38419.67,385.02,27.23,100,18.96,91468.0807,4975.7093,18924.3045,69960.277,20647.1498,1040.6027,182.44,2363.3598
2024,11,39078.24,442.15,27.63,100,17.79,94286.3856,4493.5562,18332.3096,65926.3638,20336.8059,981.8892,173.7511,2178.9215
2024,12,34480.54,284.27,26.6,100,20.86,72129.5554,4193.8456,18470.9653,54244.4239,23890.3818,1085.4499,238.5628,2617.1976
2025,1,29287.72,271.26,26.88,98.39,22.36,62228.1118,4272.5851,15180.833,44167.0337,18631.2849,857.3917,210.5988,2320.4698
2025,2,25481.05,206.02,27.27,94.36,12.24,54896.8267,3835.1237,17195.3311,33194.5067,18135.524,790.6677,228.3578,2035.4823
2025,3,91994.3,52.87,28.89,81.48,12.41,180106.9809,20356.0126,84078.5016,67035.745,88111.5661,4596.6651,1644.8006,8979.7842
2025,4,69155.14,48.9,29.73,78.67,7.96,123019.5224,15478.1413,63675.7472,49842.2314,65050.3151,3071.4508,1410.898,6596.2554
2025,5,77609.36,412.54,29.1,100,19.88,183722.7795,9539.0768,37970.6026,134199.385,48451.5232,2073.4663,387.5404,4935.9221
2025,6,53608.95,400.18,26.64,100,21.89,124262.4622,5968.2828,26126.2314,95194.8018,30803.3525,1440.7198,261.9076,3732.3571
2025,7,86825.11,0,27.78,81.96,16.02,141693.3185,22418.5276,81581.2745,37936.9022,86792.8099,4966.918,2192.2591,8658.7579
2025,8,73126.32,0,27.56,78.15,11.48,113238.5206,18369.3117,82877.6472,31674.8601,71760.3238,3797.6483,1915.0816,7989.9084
2025,9,18602.22,413.59,26.36,100,10.73,45773.3097,2165.9758,8155.3402,31786.4295,10421.8073,460.2725,82.543,1158.1882
2025,10,57998.55,360.69,27.27,100,17.95,121283.7236,7395.7831,28126.0976,95878.3316,33112.0368,1575.1648,337.8674,4121.585
2025,11,60187.16,317.87,26.9,99.21,18.84,140905.3777,7956.2786,31262.5568,94998.305,36202.7118,1769.6468,381.5794,3949.8447
2025,12,40566.67,321.89,26.16,100,24.11,90286.2065,5305.6211,20277.6433,65086.3486,25539.7056,1200.5082,229.0922,2900.6175
